X1	deg_anno	baseMean	log2FoldChange	lfcSE	stat	pvalue	padj	sig
ENSMUSG00000029408	Abcb9	80.3831491151085	-24.5810698814939	2.99741663534093	-8.20075180462792	2.38888289977095e-16	3.02217575650023e-12	down
ENSMUSG00000037049	Smpd1	141.580575723339	6.42054834398965	0.824463767866665	7.78754457652286	6.83239392637571e-15	2.88122051875264e-11	up
ENSMUSG00000025017	Pik3ap1	111.789796366366	6.8561103707647	0.876386662345125	7.82315690704195	5.15148285541099e-15	2.88122051875264e-11	up
ENSMUSG00000018983	E2f2	97.6360387331807	7.63484406819053	1.0049858254082	7.59696691750797	3.0315199509337e-14	9.58793972481555e-11	up
ENSMUSG00000032125	Robo4	78.6020577279256	-7.69503220647642	1.0231181039836	-7.52115730971347	5.42934749832571e-14	1.37373350402637e-10	down
ENSMUSG00000032589	Bsn	93.6518523580214	7.63411352751453	1.03676150912024	7.36342298624932	1.79253230860432e-13	3.77955437269222e-10	up
ENSMUSG00000039699	Batf2	58.3186116479954	6.83421718086656	0.933973744214019	7.31735471495279	2.52906706441041e-13	4.57074677597944e-10	up
ENSMUSG00000071547	Nt5dc2	145.018317654286	6.82195858285578	0.976076205778069	6.98916595084676	2.76525181214996e-12	4.37290008443864e-9	up
ENSMUSG00000041801	Phlda3	52.0356483880105	8.36008359226515	1.26589006389775	6.60411502601102	3.9989894773857e-11	5.62124620871183e-8	up
ENSMUSG00000017146	Brca1	55.7996252772451	7.7790406178855	1.20470371827649	6.45722304984213	1.06641665251464e-10	1.34912370709627e-7	up
ENSMUSG00000045569	Mc2r	32.0769863421646	8.38900947326433	1.33014895684576	6.306819570913	2.84827539272361e-10	3.27577563575876e-7	up
ENSMUSG00000069917	Hba-a2	2292.05886905669	7.24669842601259	1.15849999776361	6.25524250323847	3.96898695266791e-10	4.18430449485015e-7	up
ENSMUSG00000023965	Fbxl17	36.718349925289	7.85637761298242	1.27084071031714	6.18203174418439	6.32817961477479e-10	6.15829233127045e-7	up
ENSMUSG00000052305	Hbb-b1	4386.76452981484	6.95721966423549	1.14033611838377	6.10102543633904	1.05390133313382e-9	9.52350411819712e-7	up
ENSMUSG00000034118	Tpst1	38.030677621449	7.22849172292924	1.19857406994911	6.0309094816611	1.63039495493797e-9	1.37507510499468e-6	up
ENSMUSG00000050350	Gpr18	134.261485488994	-10.1402164330007	1.72461110546566	-5.87971189612791	4.1098117838826e-9	3.24957680486867e-6	down
ENSMUSG00000018569	Cldn7	21.0441219370145	7.78053859360008	1.33644551820405	5.82181502172702	5.82119575203185e-9	4.31932627873067e-6	up
ENSMUSG00000073599	Ecscr	93.182139262153	-10.3368348609628	1.77830462554414	-5.81274699085927	6.14559110087361e-9	4.31932627873067e-6	down
ENSMUSG00000035458	Tnni3	43.4089646796103	-7.28354022227042	1.25675664798081	-5.79550562471472	6.81156449762945e-9	4.53542644523738e-6	down
ENSMUSG00000054293	P2ry10b	25.2199101128593	-8.45246575422257	1.4823829926941	-5.70194463635943	1.1844830239194e-8	7.49244736780214e-6	down
ENSMUSG00000032840	Spring1	60.9689987693795	6.1567408181097	1.08267063457659	5.68662400316923	1.29575308661625e-8	7.80598680894389e-6	up
ENSMUSG00000030064	Frmd4b	32.93563784056	-7.32389544400162	1.30976620958172	-5.59175781939017	2.24782205611887e-8	1.26243240272459e-5	down
ENSMUSG00000070462	Tlnrd1	32.137491535362	6.91878057993873	1.23811876390409	5.58813966934973	2.2951502065185e-8	1.26243240272459e-5	up
ENSMUSG00000039989	Cbx4	33.6723133140882	5.95824446733826	1.06961795860274	5.57044168847129	2.54094349024839e-8	1.33939483729718e-5	up
ENSMUSG00000019027	Dnah1	66.822393041866	-7.15605548534716	1.29254514943901	-5.53640659164056	3.08740375229404e-8	1.56234979481088e-5	down
ENSMUSG00000034612	Chst11	53.6606578335705	9.13499226561441	1.65377969330472	5.52370566805069	3.31923333064105e-8	1.61506234099769e-5	up
ENSMUSG00000098708	NA	109.482074037611	-6.82586416535053	1.24082137226961	-5.50108526327624	3.77460607422228e-8	1.76861264611059e-5	down
ENSMUSG00000058486	Wdr91	42.9631711195101	8.08552097877851	1.47463591080812	5.48306257803496	4.18025064147053e-8	1.88872681661585e-5	up
ENSMUSG00000069919	Hba-a1	8006.46860065131	6.46502059935728	1.18309878650594	5.46448079661251	4.64263633921832e-8	2.02531008025693e-5	up
ENSMUSG00000041378	Cldn5	150.300756884813	-7.91025015326849	1.46262527161235	-5.40825480510706	6.36418389091841e-8	2.68377634680029e-5	down
ENSMUSG00000059479	B3gnt8	92.4172561592632	-8.83331539591202	1.67911783944995	-5.26068819494267	1.4351722765349e-7	5.85689176465903e-5	down
ENSMUSG00000048707	Tprn	77.6433221892868	-8.10897275930016	1.54884556951002	-5.23549469290567	1.64543552972454e-7	6.41288901309432e-5	down
ENSMUSG00000032109	Nlrx1	28.539609113163	6.73226647938285	1.28663795869007	5.23244820651569	1.67279533184818e-7	6.41288901309432e-5	up
ENSMUSG00000046470	Sox18	42.6505551747868	-9.20897238700218	1.76226563882613	-5.22564373049707	1.73550244457603e-7	6.45760041950922e-5	down
ENSMUSG00000040040	Ift88	79.3181235073545	-9.38036195714796	1.79786524806399	-5.2175000141134404	1.81354210003047e-7	6.55517745928156e-5	down
ENSMUSG00000056687	Gm11696	110.238167233423	-8.24857711356429	1.58384116768471	-5.20795726355705	1.90930883920385e-7	6.70962947910219e-5	down
ENSMUSG00000009876	Cox4i2	24.2745379454111	7.25695907495234	1.39541435900826	5.20057646540913	1.9867136156112701e-07	6.79294971651302e-5	up
ENSMUSG00000006574	Slc4a1	118.742241272964	7.76866365629004	1.49736854233593	5.188210808924	2.1232416795179e-7	6.89322671751507e-5	up
ENSMUSG00000023909	Paqr4	85.5993264447866	6.97107592052185	1.3436780625497	5.18805517096401	2.12501653610851e-7	6.89322671751507e-5	up
ENSMUSG00000027300	Ubox5	46.1226023722016	7.41435118506044	1.45530264103462	5.09471430615238	3.49267547213326e-7	1.10464593494895e-4	up
ENSMUSG00000029634	Rnf6	327.816773018283	-2.42596111208931	0.477514289519167	-5.08039479725755	3.76651275966398e-7	1.16219885176851e-4	down
ENSMUSG00000017718	Afmid	34.2936061824306	-8.89438166515354	1.76249574172806	-5.04646987483381	4.50047814595317e-7	1.34429734196231e-4	down
ENSMUSG00000079737	Bfar	23.5805839583559	6.45460793191023	1.27976895197192	5.04357284333605	4.56918707646662e-7	1.34429734196231e-4	up
ENSMUSG00000041135	Ripk2	44.2825303706734	5.81181235527534	1.16112126306268	5.00534486806792	5.57621059600401e-7	1.58905033824357e-4	up
ENSMUSG00000016756	Cmah	61.1357403738719	-9.72870412180609	1.94467761495993	-5.00273363922408	5.65230141656475e-7	1.58905033824357e-4	down
ENSMUSG00000026274	Pask	30.7668103716293	4.828768263276	0.981682986758887	4.9188672192625	8.70464897697069e-7	2.37994486511748e-4	up
ENSMUSG00000044937	Ttc41	39.8374293842858	-9.11143922720669	1.85349846628729	-4.91580618648024	8.84178394281256e-7	2.37994486511748e-4	down
ENSMUSG00000031431	Tsc22d3	2935.20282725262	-1.37022617396706	0.278990750853643	-4.91136774167065	9.04432830094297e-7	2.38374577781728e-4	down
ENSMUSG00000062585	Cnr2	35.4193166557327	5.6299153858108	1.16776600751533	4.82109887561261	1.42769565921852e-6	3.68607709893337e-4	up
ENSMUSG00000087075	Lbhd2	42.8442466877633	-8.49238113059412	1.77364306391929	-4.78810043765411	1.68367384243932e-6	4.26003155613996e-4	down
ENSMUSG00000009621	Vav2	61.2270224387436	7.47760106178826	1.56520846541642	4.77738347766912	1.7759089744928e-6	4.40529890908008e-4	up
ENSMUSG00000019102	Aldh3a1	144.918006430223	-8.19976141773502	1.72148482258776	-4.76319123476734	1.90555094670499e-6	4.63598558207016e-4	down
ENSMUSG00000023216	Epb42	56.7128763192223	7.23029982384992	1.52507002234632	4.74096252493777	2.12705277547796e-6	5.07723484199465e-4	up
ENSMUSG00000050530	Fam171a1	51.1702143438688	7.54530566136175	1.59927093947398	4.71796584001177	2.38214479484881e-6	5.5808358888208e-4	up
ENSMUSG00000073940	Hbb-bt	1121.33655096079	5.3026110974502	1.12670813905937	4.70628631641651	2.52270147455194e-6	5.80267206446483e-4	up
ENSMUSG00000030760	Acer3	115.390337975009	2.17232840742304	0.462634216774032	4.69556364112187	2.65872571886553e-6	6.00634626238711e-4	up
ENSMUSG00000070822	Zscan18	34.0710089892246	-8.1617936657316	1.74671775745406	-4.67264595605181	2.97344070656151e-6	6.59947339977362e-4	down
ENSMUSG00000020832	Eral1	105.892197083047	4.06872932581712	0.87486635205665	4.65068672060857	3.30831558520812e-6	7.2161207704255e-4	up
ENSMUSG00000040006	Ginm1	121.284588551271	-2.16948731347757	0.467408819671777	-4.64151984765931	3.45855793249088e-6	7.4159688820241e-4	down
ENSMUSG00000000901	Mmp11	40.2355099975275	6.25604433560807	1.35020984999068	4.63338668107867	3.59731707940312e-6	7.46059973303752e-4	up
ENSMUSG00000031398	Plxna3	83.2000059096832	-5.60972971065349	1.21026907537817	-4.63510951802238	3.56748553616689e-6	7.46059973303752e-4	down
ENSMUSG00000034614	Pik3ip1	1160.00021078942	-1.28553412513245	0.278109995214927	-4.62239454622611	3.79335659139051e-6	7.7402829415615e-4	down
ENSMUSG00000020044	Timp3	32.7566476322502	-7.39887898497451	1.61126346341053	-4.5919734127859	4.39074315059433e-6	8.81703041240776e-4	down
ENSMUSG00000038742	Angptl6	34.395085998991	7.76472243742175	1.6978431120658	4.57328617835264	4.8013363408153e-6	9.490891569946e-4	up
ENSMUSG00000056724	Nbeal2	344.294046732534	-1.70610185170089	0.374236857255346	-4.5588824794368	5.14265372015912e-6	0.00100091864944205	down
ENSMUSG00000032352	Lrrc1	38.6721117029128	7.93222422640105	1.7412264120271	4.55553865460065	5.22515053224161e-6	0.00100156635429377	up
ENSMUSG00000097318	1700007L15Rik	22.2643399349721	7.86765010197959	1.72826986938615	4.55232729641582	5.30557101242153e-6	0.00100180266982306	up
ENSMUSG00000114213	A430090L17Rik	53.1786908661863	-5.06376083356724	1.11678567189151	-4.53422797320697	5.78145589973444e-6	0.00107560586158148	down
ENSMUSG00000056770	Setd3	132.627952603319	2.83517729029491	0.629664693378842	4.50267788571894	6.71025481364592e-6	0.00123031063257151	up
ENSMUSG00000079317	Trappc2	28.6366752774788	6.00459731353269	1.33768920830105	4.48878355022307	7.16310331201925e-6	0.00129457742857651	up
ENSMUSG00000013611	Snx31	53.7231497407432	-9.5425674745482	2.13866206179225	-4.46193330167894	8.12235096572247e-6	0.00144726566292049	down
ENSMUSG00000017764	Zswim1	35.4679945305947	7.01112773363924	1.57572651887629	4.44945721840053	8.60875752847811e-6	0.00150292425854391	up
ENSMUSG00000068600	Gml2	37.9102345738831	-7.73492361338252	1.73901472663335	-4.44787700467435	8.672316091511e-6	0.00150292425854391	down
ENSMUSG00000036120	Rfxank	193.775350974946	-2.36954767360089	0.534091994888931	-4.43659087999187	9.13947594397955e-6	0.00156247986712548	down
ENSMUSG00000025140	Pycr1	43.4379406496898	5.86868193404701	1.32511296484769	4.42881632715861	9.47516707895719e-6	0.0015982711828785	up
ENSMUSG00000027860	Vangl1	61.7850001466824	7.80472491930909	1.76681606356154	4.41739526839956	9.98974477643157e-6	0.00165712126417768	up
ENSMUSG00000053178	Mterf1b	21.1234016076477	5.75190967127345	1.30271612421921	4.41532085489528	1.00860277718506e-5	0.00165712126417768	up
ENSMUSG00000027318	Adam33	34.8751427580217	6.99208427755018	1.58577964012968	4.4092407927361	1.0373363563344e-5	0.00166118256252994	up
ENSMUSG00000044367	Slc16a13	73.1049144319431	-9.2615170419497	2.09998735512681	-4.41027276632836	1.03240491856979e-5	0.00166118256252994	down
ENSMUSG00000045954	Cavin2	154.342902651242	-3.07166685825904	0.698012686787544	-4.40058886665189	1.0795750261396e-5	0.00170721295696151	down
ENSMUSG00000102051	NA	90.2705503834544	6.36122059848586	1.44851124291985	4.39155762827438	1.12541497192286e-5	0.00175773145799952	up
ENSMUSG00000046949	Nqo2	145.677772385921	1.76748896128563	0.403874113831816	4.37633634034207	1.20690734003784e-5	0.00186202253156325	up
ENSMUSG00000032816	Igdcc4	36.739551528132	8.58866947990592	1.96725598680559	4.36581184020291	1.26651470914848e-5	0.00193044308258282	up
ENSMUSG00000068114	Ccdc134	30.2668588541919	7.58102602160418	1.73987448762518	4.35722580882934	1.31721354085965e-5	0.00198381767921613	up
ENSMUSG00000067931	Zfp948	21.734918311973	7.10347956501213	1.63347257769209	4.34869838773083	1.36947901279717e-5	0.00203826811657611	up
ENSMUSG00000085133	NA	62.9424453578565	-8.33649989027824	1.92496151571291	-4.33073587301865	1.486118576447e-5	0.00218614954774779	down
ENSMUSG00000040434	Large2	20.4799459748981	7.01732841689914	1.62452172911061	4.3196273039333	1.56292928527732e-5	0.00227271475724637	up
ENSMUSG00000039158	Akna	139.01239313859	-4.00653461672618	0.93101863899655	-4.30338819107254	1.68205752373188e-5	0.00239097862165528	down
ENSMUSG00000045284	Dcaf12l1	48.868614949832	6.84554170534074	1.58981512449673	4.30587280235352	1.66328615093232e-5	0.00239097862165528	up
ENSMUSG00000022901	Cd86	33.3940633591249	-8.127386951505	1.89354953199008	-4.29214383579567	1.76956253340957e-5	0.00248741506779605	down
ENSMUSG00000004347	Pde1c	74.4837947109376	-7.09555157937679	1.65510633332109	-4.28706690109695	1.81047780432045e-5	0.00251696205521517	down
ENSMUSG00000097194	NA	52.4449160622945	7.0144792869304204	1.65254663496641	4.24464831340326	2.18936521573672e-5	0.00301061514611797	up
ENSMUSG00000085645	Hoxb5os	38.0100396595995	-7.01468432176309	1.65452434484156	-4.23969846296509	2.23820236589585e-5	0.00304467721838155	down
ENSMUSG00000021929	Kpna3	179.54421147683	1.74278036079526	0.412474344058764	4.22518487730953	2.38744694951013e-5	0.00321314801683539	up
ENSMUSG00000057103	Nat8f1	29.4362350606496	5.92032941082063	1.40203985050453	4.22265416256905	2.41442145880989e-5	0.00321524693425305	up
ENSMUSG00000050592	Fam78a	18.7181528519989	7.61647960673566	1.81698357036367	4.19182634943211	2.76717771836868e-5	0.00360902735207033	up
ENSMUSG00000066363	Serpina3f	50.7786577301774	6.46232665660707	1.54157935321383	4.19201687096718	2.76485429729887e-5	0.00360902735207033	up
ENSMUSG00000004637	Wwox	184.14411440147	-2.82589967432904	0.675014689116414	-4.18642693246884	2.83380100633952e-5	0.00362125419507084	down
ENSMUSG00000097493	NA	19.255859185888	5.01046842203042	1.19633684698095	4.18817529082611	2.8120628693186698e-05	0.00362125419507084	up
ENSMUSG00000038170	Pde4dip	40.6231336380991	5.01454368141805	1.2005809150892	4.1767644466058	2.95684942661536e-5	0.0037407102096111	up
ENSMUSG00000029650	Slc46a3	31.1529256373594	6.82080255242865	1.6373544804722	4.16574580139884	3.10336346852e-5	0.00388719319210362	up
ENSMUSG00000033669	Zfp7	99.6426067713581	-4.90386011473091	1.18270495623198	-4.14630892420904	3.37877891543869e-5	0.00419067961364851	down
ENSMUSG00000093861	Igkv1-110	144.596200876324	-9.69716117520227	2.34324825079516	-4.13834136946934	3.49825612997896e-5	0.00429674158255959	down
ENSMUSG00000031937	Vstm5	24.9137408266238	-8.43371649091161	2.04584698008138	-4.12235938123591	3.75011534588525e-5	0.00456179896546099	down
ENSMUSG00000003810	Mast2	45.2056328753031	6.17224594580125	1.49965817149305	4.11576855521428	3.85891386348505e-5	0.00456253451279901	up
ENSMUSG00000022299	Slc25a32	14.0373202918089	6.46526367106818	1.57053242140114	4.1166063068600796	3.84492024354731e-5	0.00456253451279901	up
ENSMUSG00000064147	Rab44	56.5325409755054	7.66067478431185	1.86114860087144	4.11610055248943	3.85336248072743e-5	0.00456253451279901	up
ENSMUSG00000032812	Arap1	380.053150685648	-1.40048981147176	0.340758962282154	-4.1099133595557	3.95807596403998e-5	0.00463644620565461	down
ENSMUSG00000022941	Ripply3	57.7989303646307	-7.38962339214422	1.80139097112682	-4.10217632406684	4.09282177886562e-5	0.00475030168114027	down
ENSMUSG00000025352	Gdf11	31.0333239480229	6.43724415097126	1.57112901965313	4.09720912187879	4.18161114510177e-5	0.00480923296333477	up
ENSMUSG00000034037	Fgd5	219.339187239408	-3.5116790638136	0.859723466129135	-4.0846611755577404	4.41411787257638e-5	0.00491646518351485	down
ENSMUSG00000071715	Ncf4	50.6097670555838	6.1852537665625	1.51457868253599	4.08381145059166	4.43029824457112e-5	0.00491646518351485	up
ENSMUSG00000022438	Parvb	20.2082035254434	7.72485320744495	1.88951838728883	4.08826569744523	4.34610207201668e-5	0.00491646518351485	up
ENSMUSG00000036208	Nepro	21.5888069152257	7.09298317091248	1.73631224053263	4.08508504710919	4.406067525162e-5	0.00491646518351485	up
ENSMUSG00000007379	Dennd2c	85.3623982995513	-9.4878192232924	2.32791553924277	-4.07567158831657	4.58817348900304e-5	0.00504738980951108	down
ENSMUSG00000068349	Gml	14.579800528457	-7.66227417062309	1.88263641354382	-4.06997023721635	4.70191441832543e-5	0.00511833603827894	down
ENSMUSG00000024679	Ms4a6d	48.4246941816949	-7.91641176997717	1.94582629545433	-4.06840620278942	4.73358087486077e-5	0.00511833603827894	down
ENSMUSG00000026580	Selp	59.9051146551739	-7.93891279736826	1.95748434310688	-4.0556711604486	4.99905494193738e-5	0.00529561240496519	down
ENSMUSG00000048038	Ccdc187	50.265639789669	-8.72287338699451	2.15108207153406	-4.05510952019313	5.01108183415146e-5	0.00529561240496519	down
ENSMUSG00000039759	Thap3	242.385054054329	-2.60620519002973	0.642785446790708	-4.05454915484157	5.02310875500611e-5	0.00529561240496519	down
ENSMUSG00000106767	NA	21.6189395029844	7.08468476506335	1.74844441152315	4.05199314223067	5.07831539749139e-5	0.00530956761104658	up
ENSMUSG00000026389	Steap3	127.41783330205	4.72923683830578	1.16825162489722	4.04813204408925	5.16280190199069e-5	0.00535365630017084	up
ENSMUSG00000030231	Plekha5	216.095657769097	-3.64408305578023	0.903511714116028	-4.0332438405024	5.50121432402364e-5	0.005658200196197	down
ENSMUSG00000031722	Hp	71.5190766416	6.3002192709652	1.56416849926943	4.02783924743902	5.62918091952921e-5	0.00574312643652936	up
ENSMUSG00000039963	Ccdc40	53.6339866661201	6.41957856375481	1.59613591994781	4.02194981237231	5.77183578288088e-5	0.00584155955913808	up
ENSMUSG00000056214	Pard6g	74.6612709280771	-10.01710173112	2.49670917566521	-4.01212196789045	6.01753939647253e-5	0.00604189610355349	down
ENSMUSG00000066721	Zfp575	23.6060716645691	-7.62352632606933	1.90797598972704	-3.9956091518531	6.45281176707729e-5	0.0064279150917555	down
ENSMUSG00000111189	NA	46.7679587873013	-6.62568760075182	1.65977828054633	-3.9919112561052	6.55429019955992e-5	0.00647799416520567	down
ENSMUSG00000026072	Il1r1	29.2748176356854	-6.56544573936773	1.64834524072579	-3.98305256517552	6.80356996998214e-5	0.00662092028386492	down
ENSMUSG00000046658	Zfp316	37.0610157778734	4.59405279809789	1.15311896273409	3.98402328516496	6.77582289940613e-5	0.00662092028386492	up
ENSMUSG00000056602	Fry	106.593058478465	-2.8785934981217	0.724960654292992	-3.97068927958443	7.16649944842674e-5	0.00681679582872531	down
ENSMUSG00000098120	Gm5914	27.8732406603373	-2.57239617899879	0.647766183615621	-3.97118010180851	7.15174861159023e-5	0.00681679582872531	down
ENSMUSG00000025795	Rassf3	12.4634703414723	4.95487124545708	1.24778089395251	3.97094655758181	7.15876380545962e-5	0.00681679582872531	up
ENSMUSG00000073063	Hbq1b	20.2499372670706	7.72976555128913	1.94765250152058	3.96876010749058	7.22475679894838e-5	0.00682092524354448	up
ENSMUSG00000029484	Anxa3	43.1558022329455	6.65705752271524	1.68310108635144	3.95523333488314	7.64599902572113e-5	0.0071124657113528	up
ENSMUSG00000036737	Oxsr1	93.2575465861178	3.77281940185127	0.953734185400799	3.95583954062187	7.62663408535083e-5	0.0071124657113528	up
ENSMUSG00000031438	Rnf128	46.7239303610632	6.82321351150032	1.72646891760357	3.95212067934088	7.74616567729647e-5	0.00715304686010785	up
ENSMUSG00000037275	Gemin5	123.788838733051	3.61365767045641	0.915210984895784	3.94844219540033	7.86614042968468e-5	0.00721119873738702	up
ENSMUSG00000074158	Zfp976	10.8175203578364	6.82952184864487	1.73317539576325	3.94046780570487	8.132286469459e-5	0.00734915738826725	up
ENSMUSG00000031785	Adgrg1	3175.53887109354	-1.35764742467862	0.344541011705345	-3.94045230772032	8.13281190702249e-5	0.00734915738826725	down
ENSMUSG00000037872	Ackr1	29.2608865087909	8.25958438546522	2.09993599020533	3.93325531063335	8.38031431563492e-5	0.00750969840153031	up
ENSMUSG00000000134	Tfe3	51.4924323795536	4.85522602468905	1.23484273507152	3.93185778787277	8.42919273588889e-5	0.00750969840153031	up
ENSMUSG00000059327	Eda	24.3128672092473	7.25541261497506	1.84770110913003	3.92672417585505	8.61106337608125e-5	0.00761808131264363	up
ENSMUSG00000054252	Fgfr3	54.1460921776953	-8.82939778793362	2.25200346169713	-3.92068570857334	8.8297360484068e-5	0.00770379246540651	down
ENSMUSG00000054150	Syne3	40.2258217278228	6.17290312539257	1.57433257009585	3.92096513954274	8.81950222596565e-5	0.00770379246540651	up
ENSMUSG00000028713	Cyp4b1	103.460557838015	-5.96823828291203	1.52727282026182	-3.90777482826473	9.31500567628087e-5	0.00807151621990612	down
ENSMUSG00000038195	Rilp	57.5372768987205	-7.2267438297076	1.85021425436764	-3.90589566189325	9.38770147938904e-5	0.00807917084460889	down
ENSMUSG00000044562	Rasip1	39.6074708558311	-9.10238649096179	2.336004330217	-3.89656233647317	9.7567703415431e-5	0.00834006091830147	down
ENSMUSG00000020323	Prss57	79.9566438340563	8.33063131860971	2.13992552974142	3.89295384480803	9.90309990637517e-5	0.00840832999433237	up
ENSMUSG00000056310	Tyw1	346.082220579515	-1.23149532758251	0.316836615497972	-3.88684661855437	1.01554877254632e-4	0.00856513834765568	down
ENSMUSG00000032515	Csrnp1	20.5588084935489	7.74816630992297	1.99902366833418	3.87597527365929	1.06198468960252e-4	0.00889746245573608	up
ENSMUSG00000040415	Dtx3	410.611048932945	-1.38765123388059	0.358718043930204	-3.86836195547103	1.09568938079887e-4	0.00911945155032008	down
ENSMUSG00000037363	Letm2	56.6399941352978	2.93037285436533	0.757928780185844	3.86629051564291	1.10503295955211e-4	0.00913710586359066	up
ENSMUSG00000069300	H2bc11	19.2234782561995	6.12527906067362	1.58657176131936	3.86070092132484	1.13062225909402e-4	0.00928798844142758	up
ENSMUSG00000019467	Arhgef25	45.9713737684862	-8.59259784387685	2.22927405980705	-3.85443763904945	1.15995944060111e-4	0.00946751411809328	down
ENSMUSG00000067567	Hdac8	29.8636463237689	5.45795387691177	1.41743318734052	3.85058987305943	1.17833679477939e-4	0.00949499286035293	up
ENSMUSG00000041658	Rragb	12.2482781057605	5.57396757837181	1.44727981237608	3.85134065348477	1.17472956332371e-4	0.00949499286035293	up
ENSMUSG00000049532	Sall2	26.8826678105525	6.74391058763368	1.75402377847475	3.84482278427149	1.20639591062049e-4	0.00961917182741594	up
ENSMUSG00000073430	Gm10505	37.6837236794629	7.89435474220445	2.05352031017655	3.84430322070968	1.20895448625337e-4	0.00961917182741594	up
ENSMUSG00000052485	Tmem171	27.5593150151796	-8.57961692213761	2.23606127987471	-3.83693282440735	1.24580531918786e-4	0.0098504269331535	down
ENSMUSG00000040177	2310057M21Rik	30.3361985728836	5.16239027974998	1.34737106568196	3.83145401533251	1.2738818582895e-4	0.00991481835436543	up
ENSMUSG00000082292	NA	142.637545412092	4.52565840850537	1.18139842867102	3.83076386312479	1.27746058948823e-4	0.00991481835436543	up
ENSMUSG00000116249	NA	32.982786573278	-7.10446954957275	1.85441950120775	-3.83110161694576	1.27570801075387e-4	0.00991481835436543	down
ENSMUSG00000026249	Serpine2	86.0689852878452	-8.22598818408942	2.15188054661911	-3.82269740623547	1.31999726568312e-4	0.0101824911025348	down
ENSMUSG00000039176	Polg	75.7107546872991	3.53463946893103	0.925679521556609	3.81842677364974	1.34305437087187e-4	0.0102975641490303	up
ENSMUSG00000096883	Shisa8	38.5358677501539	-5.47352694443757	1.43435557658228	-3.81601817136561	1.35622520977365e-4	0.0103359067041244	down
ENSMUSG00000032690	Oas2	32.1542976592342	6.21628208884867	1.63094530590525	3.81145956663358	1.38148655229401e-4	0.0104653810617195	up
ENSMUSG00000029386	Tctn2	42.8911102743989	-8.49429230780187	2.23199027235821	-3.80570310408531	1.41401922560968e-4	0.0106480697757072	down
ENSMUSG00000039145	Camk1d	20.6761967661225	4.21273275149727	1.10831656644074	3.80101938296031	1.44102027844956e-4	0.0107871878950682	up
ENSMUSG00000046916	Myct1	443.474929189953	-1.11630647940534	0.294000075461137	-3.79695983973617	1.46481509274337e-4	0.0109008092578214	down
ENSMUSG00000074457	S100a16	47.906605909644	-8.64899521085899	2.28142358712099	-3.79105189395077	1.50010603820361e-4	0.0110981529177274	down
ENSMUSG00000111496	NA	23.2709293974915	-7.60247359350287	2.01071814390286	-3.78097428351955	1.56215812004533e-4	0.0113649367031135	down
ENSMUSG00000048217	Nags	26.6303405522189	-8.52862508018605	2.25575973734292	-3.7808215737692	1.56311673886787e-4	0.0113649367031135	down
ENSMUSG00000097154	NA	85.6142433723371	-2.86095616771226	0.756131096904338	-3.78367743295475	1.54528070783704e-4	0.0113649367031135	down
ENSMUSG00000006307	Kmt2b	114.370431846723	-2.81986378519926	0.746853810671384	-3.77565695576266	1.59586496981953e-4	0.0115367358475354	down
ENSMUSG00000028641	P3h1	42.956386001652	6.08876043102157	1.61575097052974	3.76837801250109	1.64311748891953e-4	0.0118108405410915	up
ENSMUSG00000075600	Zc3h3	43.1298794152226	-4.57371345868746	1.22509741982944	-3.73334674015085	1.8895218713164e-4	0.0135052775107479	down
ENSMUSG00000086968	4933431E20Rik	69.6634919235242	-5.51356614694374	1.47991229513873	-3.72560331112519	1.94848627314517e-4	0.0138484830570559	down
ENSMUSG00000062591	Tubb4a	25.4755828909789	-7.73944379729957	2.0808370070191	-3.71938973172468	1.99704707450033e-4	0.0141143254410635	down
ENSMUSG00000032290	Ptpn9	32.753849907734804	6.04381559865403	1.62799401471306	3.71243109251803	2.05277958812374e-4	0.0144276192051964	up
ENSMUSG00000036882	Arhgap33	31.7801411860961	-7.16433780295516	1.93493895364156	-3.70261696859834	2.13386925295767e-4	0.0149146850382141	down
ENSMUSG00000026596	Abl2	153.115379637753	-3.34772487143535	0.905941289180435	-3.69530002817721	2.19627282942178e-4	0.0152665096511071	down
ENSMUSG00000064023	Klk8	156.940750251689	-1.93178894045831	0.525207068780177	-3.67814725903251	2.34934314458573e-4	0.0162412787552754	down
ENSMUSG00000003452	Bicd1	187.928561907829	-3.50133658324614	0.952794286750178	-3.67480854150439	2.3802784071569e-4	0.0163657076787728	down
ENSMUSG00000033948	Zswim5	41.7074364984733	-8.45353298269809	2.30310633547383	-3.67049182770752	2.42084210171527e-4	0.0165546342858378	down
ENSMUSG00000094840	Muc3a	17.7968757802733	7.54355605577024	2.05907915030952	3.66355807868594	2.48735784100805e-4	0.0169180451863402	up
ENSMUSG00000018733	Pex12	64.7196762977387	-4.84562483468338	1.32406371269218	-3.6596613805169	2.52548754209238e-4	0.0169946504760695	down
ENSMUSG00000021786	Oxsm	24.5200419329492	6.61203369331912	1.80673105415813	3.65966682097026	2.5254339264559e-4	0.0169946504760695	up
ENSMUSG00000026638	Irf6	115.177487519355	-4.33245033917863	1.19001386346864	-3.64067215700365	2.71927211301733e-4	0.0182018579374509	down
ENSMUSG00000100594	2810414N06Rik	30.0750400051705	8.29869074328936	2.28289181606843	3.63516601394685	2.77801683006398e-4	0.0183745162189612	up
ENSMUSG00000036564	Ndrg4	45.6645722973482	-9.30792493780181	2.56018914165221	-3.6356395652061	2.77291817242977e-4	0.0183745162189612	down
ENSMUSG00000024232	Bambi	32.5111839177229	5.12891908364054	1.41129943051303	3.63418206848995	2.78863893292273e-4	0.0183745162189612	up
ENSMUSG00000026887	Mrrf	168.828987163088	4.41542793489749	1.21567911204711	3.63206695841162	2.81160140617962e-4	0.0184298286992634	up
ENSMUSG00000029047	Pex10	44.2989823745696	7.30625684657982	2.01398461215424	3.62776200100395	2.8588860742606e-4	0.0186431792399334	up
ENSMUSG00000026435	Slc45a3	46.9257141333141	8.21225493916687	2.26577941278946	3.62447239692083	2.89551941390009e-4	0.0187852390283334	up
ENSMUSG00000017417	Plxdc1	39.4328501517217	7.9631661175069	2.2001124139166	3.61943601933095	2.95245797298906e-4	0.0190569111307575	up
ENSMUSG00000073910	Mob3b	25.7251066541258	5.56248138692236	1.54045308557191	3.61093852128397	3.05090982386427e-4	0.0194934647382358	up
ENSMUSG00000022479	Vdr	272.320466810121	-4.09481100118764	1.13375982359657	-3.61170939026387	3.04185332953707e-4	0.0194934647382358	down
ENSMUSG00000030401	Rtn2	34.4249097516266	-7.0042927316748	1.941675532394	-3.60734459224442	3.09346707040783e-4	0.0195677259538647	down
ENSMUSG00000001964	Emd	143.14751050659	-2.744827934257	0.760668488785879	-3.60844175185709	3.08041655377711e-4	0.0195677259538647	down
ENSMUSG00000059743	Fdps	11.7732181291399	6.21299392895314	1.72646940044597	3.5986701689287	3.19848534082429e-4	0.0201313622123225	up
ENSMUSG00000024137	E4f1	133.539617375441	4.31246154685249	1.20083338545039	3.59122389425827	3.29128735548916e-4	0.0206129090763828	up
ENSMUSG00000025648	Pfkfb4	16.261911417783	5.53773813838305	1.54534975360061	3.58348530841016	3.39039841963852e-4	0.0211290297570674	up
ENSMUSG00000007216	Zfp775	22.3801573003874	7.13637317623673	1.99272882589786	3.58120637564486	3.42011359772767e-4	0.0212097338847318	up
ENSMUSG00000038181	Chpf2	26.4806696331967	7.38981727230947	2.06713282473578	3.57491167663792	3.50346147649998e-4	0.021607889291229	up
ENSMUSG00000020544	Cox11	49.048800987397	4.56443354023434	1.27719598927668	3.57379257260221	3.51847695359511e-4	0.021607889291229	up
ENSMUSG00000044352	Sowaha	17.8052379778558	7.54502983582153	2.112693103736	3.5712853052245	3.55233674890082e-4	0.0217104406813257	up
ENSMUSG00000066060	Gm12866	56.9968693985925	-7.62897375721511	2.14001218088416	-3.5649207165088	3.63966193179386e-4	0.0218811634900168	down
ENSMUSG00000037583	Nr0b2	36.7254695906104	-8.26415364287117	2.31886260770276	-3.56388240313136	3.65409710698398e-4	0.0218811634900168	down
ENSMUSG00000063838	Cdc42ep5	26.8420123809503	7.40520980090724	2.0777976767776	3.56397058465856	3.65286908440542e-4	0.0218811634900168	up
ENSMUSG00000113137	NA	51.7230982241147	-3.95215298934799	1.10821784995967	-3.56622390578874	3.62161976807516e-4	0.0218811634900168	down
ENSMUSG00000036273	Lrrk2	142.566027096334	-5.77249107709604	1.62013218770747	-3.56297536762371	3.66675097611537e-4	0.0218811634900168	down
ENSMUSG00000004508	Gab2	42.657289156228	5.58196238880922	1.56773230858262	3.56053285261172	3.70103001324172e-4	0.0219419880620256	up
ENSMUSG00000055053	Nfic	522.061171935687	-1.67348779915406	0.470109668076363	-3.55978171221577	3.71163184354872e-4	0.0219419880620256	down
ENSMUSG00000050064	Zfp697	56.161754352244	-9.51840579085428	2.67738774481581	-3.55510919525371	3.77822144522869e-4	0.0221322883170963	down
ENSMUSG00000097253	NA	11.0553484968061	6.86047498300491	1.92977313026059	3.55506814527908	3.77881137972714e-4	0.0221322883170963	up
ENSMUSG00000033233	Trim45	15.3045709465084	6.58786522388417	1.85702670081438	3.54753392667705	3.88855666400714e-4	0.0225661148423644	up
ENSMUSG00000023092	Fhl1	136.293825217731	-5.48344174770148	1.54557053070671	-3.54784310308645	3.88399513030394e-4	0.0225661148423644	down
ENSMUSG00000038578	Susd1	78.2557882075358	-4.37492384906355	1.23400429813617	-3.54530681592551	3.92156327271391e-4	0.022570816217504	down
ENSMUSG00000108049	NA	34.2780476734641	-7.36711414879063	2.08079963205572	-3.54052068988128	3.99338323332338e-4	0.022570816217504	down
ENSMUSG00000030711	Sult1a1	1320.43009991287	-1.70894867996234	0.482176916540009	-3.54423578014759	3.93752947277233e-4	0.022570816217504	down
ENSMUSG00000023764	Sfi1	231.471002527165	-2.75076224895636	0.776632585265103	-3.54190939338115	3.97241898472818e-4	0.022570816217504	down
ENSMUSG00000057778	Cyb5d2	132.021912505369	-3.07967483411681	0.869885881325859	-3.54032051816135	3.9964135900094e-4	0.022570816217504	down
ENSMUSG00000024778	Fas	17.9664641132849	7.55701263878722	2.13269578907454	3.54340861809762	3.94990173197534e-4	0.022570816217504	up
ENSMUSG00000026987	Baz2b	473.152260740846	-1.70061234058441	0.480677701462623	-3.53794722619695	4.03250646392854e-4	0.0226734396778489	down
ENSMUSG00000097445	NA	31.4163484519447	3.70486584349764	1.04752893756876	3.53676706258481	4.05056746518821e-4	0.0226742163726088	up
ENSMUSG00000102383	NA	22.262951677951	7.13613047866609	2.02053510917333	3.53180226676969	4.12737854880038e-4	0.0230024079387108	up
ENSMUSG00000038784	Cnot4	219.435016200433	-1.0428107664616	0.296364932188618	-3.51867125020688	4.33713794071899e-4	0.0240654088105421	down
ENSMUSG00000043822	Adamtsl5	107.813910790169	-4.00569914417903	1.1399516312667901	-3.51392027022026	4.41545321677392e-4	0.0243648235035256	down
ENSMUSG00000035329	Fbxo33	109.527586861695	-3.27096539316964	0.93108476622077	-3.51306939157252	4.42961774232146e-4	0.0243648235035256	down
ENSMUSG00000117446	NA	199.490905871023	-2.16608754351403	0.616820863468073	-3.51169629920624	4.4525650055818e-4	0.0243850215955045	down
ENSMUSG00000097287	NA	59.1547943869707	-5.16395155315749	1.474739755515	-3.50160191575914	4.62470054282958e-4	0.0252185717962659	down
ENSMUSG00000029135	Fosl2	18.7973440413225	-7.29903743673486	2.08741600116365	-3.49668558287661	4.71076700015423e-4	0.0255776452012666	down
ENSMUSG00000050721	Plekho2	192.456376895416	-2.63878080885189	0.756191148994749	-3.48956849383887	4.83801058075951e-4	0.0257821421252454	down
ENSMUSG00000032204	Aqp9	196.729885941845	2.35133779136858	0.673682389583164	3.49027646814912	4.82521087324505e-4	0.0257821421252454	up
ENSMUSG00000035863	Palm	26.8075803492659	7.40500679689639	2.12245420186469	3.48888884876324	4.85032789961933e-4	0.0257821421252454	up
ENSMUSG00000043372	Hexim2	19.2661658748775	6.26278277097297	1.79374282911455	3.49146079879493	4.80386954418529e-4	0.0257821421252454	up
ENSMUSG00000094796	BC147527	31.8898939750201	6.2481282730949	1.79044711453534	3.48970278003238	4.8355803441948e-4	0.0257821421252454	up
ENSMUSG00000026070	Il18r1	33.0067749189687	-6.72563837291294	1.93248910882459	-3.48029820307951	5.00855971774733e-4	0.0265118363971638	down
ENSMUSG00000029924	Slc37a3	26.516476601883	6.56525616389274	1.89014410845806	3.47341566947959	5.13878822651015e-4	0.0270878374389916	up
ENSMUSG00000021572	Cep72	31.6377248158951	6.98322645985435	2.01594873969239	3.46399009179168	5.32226113949886e-4	0.0279385583717013	up
ENSMUSG00000062373	Tmem65	34.7775621472201	-8.91509006074766	2.57853881842003	-3.45741937141372	5.45375413953407e-4	0.0285105138922502	down
ENSMUSG00000038593	Tctn1	48.6355462026543	-7.83070203540496	2.26992682781902	-3.44975967482125	5.61085810847437e-4	0.0292110970906623	down
ENSMUSG00000045709	NA	36.9437056144439	-9.00191053585218	2.61126523324433	-3.44733672445365	5.66142491173322e-4	0.0293535600648922	down
ENSMUSG00000030737	Slco2b1	42.000334243333	-8.45861952747378	2.45517391794087	-3.44522213504449	5.70590273683818e-4	0.0294634185811183	down
ENSMUSG00000049764	Zfp280b	19.6421740907247	6.9538299640826	2.02015978775597	3.44221779199309	5.76965523915795e-4	0.0296715074921087	up
ENSMUSG00000027799	Nbea	54.2247490226388	-2.9285777977099	0.852548045733613	-3.43508827727108	5.92360830190257e-4	0.0301062393000626	down
ENSMUSG00000044017	Adgrd1	29.6877810534514	6.43904238911854	1.873758989771	3.43643041835678	5.89433737269808e-4	0.0301062393000626	up
ENSMUSG00000021182	Ccdc88c	56.6487815579101	3.72633310580534	1.08481376027165	3.43499800820393	5.92558183994593e-4	0.0301062393000626	up
ENSMUSG00000036503	Rnf13	166.28584763166	-1.41908036231498	0.413941729982048	-3.42821286072445	6.07568875247942e-4	0.0306229236683734	down
ENSMUSG00000000568	Hnrnpd	266.644608344493	1.87806742193955	0.547759584609205	3.42863452271573	6.06625821266287e-4	0.0306229236683734	up
ENSMUSG00000006715	Gmnn	436.577805655761	1.21209174370933	0.3539852530613	3.42413061907816	6.16769682710158e-4	0.0309633065712945	up
ENSMUSG00000000823	Zfp512b	816.046638434253	-2.0794274747407	0.608824095895728	-3.41548156316212	6.3669339477864e-4	0.0316917207623791	down
ENSMUSG00000017314	Mpp2	30.9634291738928	-8.74786237336004	2.56271176069524	-3.41351786319771	6.41299542737258e-4	0.0316917207623791	down
ENSMUSG00000022148	Fyb	228.16987965047	-1.5392425888938	0.450853365161451	-3.41406476658458	6.40013595787915e-4	0.0316917207623791	down
ENSMUSG00000073400	Trim10	35.4572963918081	7.80821127575035	2.28543771857788	3.41650582392989	6.34303070386264e-4	0.0316917207623791	up
ENSMUSG00000030207	Fam234b	215.508988625533	3.00043046288024	0.879586034458911	3.41118474524894	6.46812499943677e-4	0.0318397857462547	up
ENSMUSG00000015337	Endog	23.8970788154525	6.41763387825863	1.88260123571718	3.40891833942403	6.52209998845994e-4	0.0319810414550413	up
ENSMUSG00000057530	Ece1	354.738872054098	-1.54871079492197	0.455563792428219	-3.39954759500778	6.7497431343754e-4	0.032969498221229	down
ENSMUSG00000028680	Plk3	34.3922799349681	7.76226255456182	2.28748145999746	3.39336632462606	6.90392450893088e-4	0.0335929034471095	up
ENSMUSG00000028416	Bag1	412.194889967425	1.65092596895757	0.487520367962163	3.38637332396684	7.08229653906474e-4	0.0343287867876276	up
ENSMUSG00000097643	NA	23.878535234389	6.4140774754684	1.89527227873962	3.38425119568247	7.13726727263491e-4	0.0344631939946963	up
ENSMUSG00000022701	Ccdc191	228.237696638042	-1.60204936831618	0.474051597820316	-3.37948311045124	7.26222693583609e-4	0.0348009215777509	down
ENSMUSG00000045629	Sh3tc2	16.3999152319563	7.42631634650756	2.19718511832962	3.37992292254069	7.25061602609829e-4	0.0348009215777509	up
ENSMUSG00000032193	Ldlr	43.7272991390888	4.76392280944272	1.4104105322081	3.37768522047581	7.30987055363197e-4	0.0348970461788672	up
ENSMUSG00000002948	Map2k7	46.4938040297327	3.58946246207898	1.06341792819894	3.37540149257996	7.3708073931542e-4	0.0350556708010503	up
ENSMUSG00000022010	Tsc22d1	632.55844385062	-1.7456855814271801	0.518161701317949	-3.36899770281558	7.54420575962662e-4	0.0357459726835342	down
ENSMUSG00000035284	Vps13c	56.0863739750006	3.52012280557098	1.04606840883924	3.36509809093372	7.65164514482113e-4	0.0361197622116165	up
ENSMUSG00000037296	Lsm1	319.176863551696	1.08365456247576	0.322503147163729	3.36013639558563	7.79040013484721e-4	0.0366380491100193	up
ENSMUSG00000036368	Rmdn2	80.1986638929218	-5.49120808759048	1.63475050065876	-3.3590496441981	7.82110158112617e-4	0.0366462059640101	down
ENSMUSG00000051727	Kctd14	81.6983266312942	3.89054737149231	1.15992385545984	3.35414031979705	7.96119797714422e-4	0.0371649873095393	up
ENSMUSG00000050890	Pdik1l	79.4871326217598	3.78563468274205	1.12961705275787	3.35125489961374	8.04462167986148e-4	0.0374163635558557	up
ENSMUSG00000097328	Tnfsf12	21.9822542123338	-5.8838160236942	1.75841661988989	-3.34608758649167	8.19605019755618e-4	0.0379810370143895	down
ENSMUSG00000002409	Dyrk1b	24.9348233696583	8.02752034261278	2.40220925818299	3.34172400479578	8.32598038961825e-4	0.0383534652625797	up
ENSMUSG00000099708	NA	15.481902732187	-7.02096671346058	2.101233306391	-3.34135514229	8.33705078429327e-4	0.0383534652625797	down
ENSMUSG00000073563	Csnk1g3	27.4355637814831	2.13433748022032	0.639023769394671	3.33999701175766	8.37792913580065e-4	0.0384018773539906	up
ENSMUSG00000020319	Wdpcp	28.9830336517797	7.52015707571459	2.25239376415852	3.33873996429042	8.41593059008062e-4	0.0384368006841552	up
ENSMUSG00000022708	Zbtb20	1082.31333411616	-1.38153575716553	0.414073601942457	-3.33644972943123	8.48557733228487e-4	0.0386154815937899	down
ENSMUSG00000090031	NA	20.6548810457755	7.02330957493412	2.11304308054361	3.32378910756864	8.88033231283038e-4	0.0402670552292535	up
ENSMUSG00000030470	Csrp3	22.3607072853006	7.13614555930786	2.15130110710783	3.31713005479813	9.09472704850504e-4	0.0408929342286434	up
ENSMUSG00000074357	AA386476	9.63754125195222	6.6628961516508	2.00901574220075	3.3164977315469	9.11533274245313e-4	0.0408929342286434	up
ENSMUSG00000022517	Mgrn1	515.572866365344	-1.58813558133169	0.478827434089223	-3.31671802463132	9.10814908452754e-4	0.0408929342286434	down
ENSMUSG00000056076	Eif3b	904.589085139964	1.17853381016307	0.355897647161678	3.31144029628182	9.28170434157752e-4	0.0414921701856174	up
ENSMUSG00000096935	1700113A16Rik	10.3855630778333	6.7629446972348	2.04698948289922	3.30384926436271	9.53670941218964e-4	0.0423329511486355	up
ENSMUSG00000006442	Srm	1953.2484919821	1.45305693609033	0.439799439461462	3.30390811291076	9.53470779848316e-4	0.0423329511486355	up
ENSMUSG00000038256	Bcl9	26.0988366399341	3.92892670575412	1.19132343815099	3.29795132029978	9.73930175952551e-4	0.0430810862097053	up
ENSMUSG00000034329	Brip1	46.609099542805	4.57998117261981	1.38989747680729	3.29519352977057	9.83539193666004e-4	0.0433545447354307	up
ENSMUSG00000030830	Itgal	44.7968314714097	7.29374183042645	2.21588937850549	3.29156405602961	9.96319239774875e-4	0.0437653982721943	up
ENSMUSG00000046908	Ltb4r1	38.0865498540933	7.06033341074246	2.15161688907463	3.28140825004352	0.00103290122780352	0.0451811900497232	up
ENSMUSG00000071660	Ttc9c	262.959454917338	-1.68267715004513	0.512910137070704	-3.28064709279314	0.00103569244442493	0.0451811900497232	down
ENSMUSG00000039099	Wdr93	25.4169498725424	-8.46346155286873	2.58531487429298	-3.2736676050662	0.00106161410857865	0.0461528525348058	down
ENSMUSG00000028926	Cdk14	27.1468048730751	-4.61717042582909	1.41105349620594	-3.27214413786848	0.0010673514574363	0.0461945215929552	down
ENSMUSG00000024696	Lpxn	42.1667425181621	6.65990013252431	2.03574762201453	3.27147631685986	0.00106987549021705	0.0461945215929552	up
ENSMUSG00000004947	Dtx2	21.7222532401045	4.95042528131021	1.51470840126352	3.26823649831264	0.00108219895346383	0.0462546941927861	up
ENSMUSG00000036928	Stag3	28.272802699561	7.47872939947937	2.2885660256307	3.26786700305852	0.00108361273135404	0.0462546941927861	up
ENSMUSG00000066406	Akap13	2916.2389331803	-1.22519823645696	0.374789270844675	-3.26903231166593	0.00107915977224351	0.0462546941927861	down
ENSMUSG00000015127	Unkl	17.2587142398779	-7.16612264396354	2.19330475360226	-3.26727174242155	0.00108589393528239	0.0462546941927861	down
ENSMUSG00000044854	1700056E22Rik	27.3442894587478	-8.56775804425727	2.62370727574545	-3.26551598322759	0.0010926483889323	0.0462889579948391	down
ENSMUSG00000031982	Arv1	33.7903390977154	6.90475158733203	2.11467372632779	3.26516166601379	0.00109401616002347	0.0462889579948391	up
ENSMUSG00000028496	Mllt3	991.743051377838	-1.23726593261606	0.3792294910892	-3.26257836399394	0.00110403644269773	0.046402541649731	down
ENSMUSG00000050357	Carmil2	27.5691034727654	6.27170638184621	1.92179994974652	3.2634543375201	0.0011006291877299	0.046402541649731	up
ENSMUSG00000021752	Kctd6	11.1090225623573	6.85702087319402	2.10315869897559	3.26034401328532	0.00111277156603746	0.0465372352838375	up
ENSMUSG00000071350	Setdb2	27.1921514379775	-4.11011273973398	1.26081764525437	-3.25987882165525	0.00111459823658231	0.0465372352838375	down
ENSMUSG00000030888	Rrp8	133.454576515393	2.54244783960192	0.782824100086253	3.24778943228981	0.0011630530752693	0.0484006067606313	up
ENSMUSG00000036867	Smad6	23.8686704409557	-7.64396732746347	2.35517990741892	-3.24559805532675	0.00117204193316567	0.0486147622835375	down
ENSMUSG00000034275	Igsf9b	22.2631493775124	6.58332292352791	2.03153925566762	3.24055905154757	0.0011929556059129	0.0490522374969349	up
ENSMUSG00000034940	Synrg	54.0212452436672	2.80454151404976	0.865476240610883	3.24046043374942	0.00119336832368051	0.0490522374969349	up
ENSMUSG00000022109	Med4	334.902218306169	-1.13277010914746	0.349592695338228	-3.24025680242408	0.00119422094293383	0.0490522374969349	down
ENSMUSG00000072769	NA	156.970068660775	-1.79562294871899	0.554685120016278	-3.2371932902514	0.00120711620162964	0.0493397754856706	down
ENSMUSG00000024268	Celf4	9.78676075973636	6.67874743470925	2.06390272593181	3.23597975369402	0.00121225982219658	0.0493397754856706	up
ENSMUSG00000037509	Arhgef4	52.6697458113048	-8.78666685466538	2.71937691396636	-3.23113240005026	0.0012330081083528	0.0498363756510263	down
ENSMUSG00000030159	Clec1b	19.0753444453019	7.64124097470286	2.36464785802872	3.23144985362554	0.00123163932935239	0.0498363756510263	up
